Trade_ID,Entry_Date,Entry_Price,Shares,Entry_Value,Entry_Costs,Signal_Confidence,Predicted_Return,Entry_RSI,Exit_Date,Exit_Price,Exit_Value,Exit_Costs,PnL,PnL_Pct,Holding_Days,Exit_Reason
1,2021-01-27,10731000.0,37.27518404622123,400000000.0,2800000.0,0.6,0.0,45.20917678812416,2021-01-30,11077000.0,412897213.67999256,2890280.495759948,7206933.184232593,0.03224303419998136,3,Negative prediction: -1.24%
2,2021-01-31,10941000.0,36.82321298543945,402882773.27369297,2820179.412915851,0.6,0.001278772552777,60.07326007326007,2021-02-02,10883000.0,400747026.92053753,2805229.1884437627,-7761154.95451504,-0.005301160771410292,2,Negative prediction: -1.29%
3,2021-02-04,10744000.0,37.209448184278386,399778311.291887,2798448.179043209,0.6,0.0122110675492877,71.77718832891247,2021-02-07,11310000.0,420838858.9641886,2945872.01274932,15316227.480509043,0.05268056589724497,3,Take-profit
4,2021-02-08,11398000.0,35.61193211827432,405904802.2840907,2841333.615988635,0.6,0.0,72.23382045929019,2021-02-11,11649000.0,414843397.24577755,2903903.7807204425,3193357.5649778247,0.022021407264432358,3,RSI overbought: 81.5
5,2021-02-14,11345000.0,35.89088984663567,407182145.3100817,2850275.017170572,0.6,0.0165220769614159,66.02296450939457,2021-02-15,11534000.0,413965523.49109584,2897758.664437671,1035344.4994059205,0.016659321286910535,1,Negative prediction: -1.62%
6,2021-02-21,10721000.0,38.0184948334898,407596283.1098441,2853173.981768909,0.6,0.0179335551278044,49.50664950664951,2021-02-24,11019000.0,418925794.57022405,2932480.561991568,5543856.91661948,0.027795914560208936,3,Negative prediction: -2.27%
7,2021-03-07,10126000.0,40.471442413242336,409813825.8764919,2868696.7811354436,0.6,0.0083591970256834,17.45306950786403,2021-03-15,10664000.0,431587461.8948163,3021112.233263714,15883827.003925204,0.0531305550069129,8,Take-profit
8,2021-03-16,10768000.0,45.089950110612214,485528582.7910723,3398700.079537506,0.7,0.0080470304278831,49.85507246376812,2021-03-28,11031000.0,497387239.67016333,3481710.677691143,4978246.121862352,0.024424219910846954,12,Negative prediction: -1.69%
9,2021-04-04,10592000.0,39.47872499308978,418158655.1268069,2927110.585887648,0.6,0.0102381958502118,62.41048177083333,2021-04-05,10701000.0,422461836.1510537,2957232.853057376,-1581162.4146982431,0.010290785498489425,1,Negative prediction: -1.09%
10,2021-04-14,10454000.0,39.939371547821665,417526190.1609277,2922683.3311264943,0.6,0.0,29.584352078239604,2021-04-17,10396000.0,415209706.611154,2906467.9462780785,-8145634.827178299,-0.005548115553854984,3,Negative prediction: -2.00%
11,2021-05-08,9387000.0,44.132090788330274,414267936.2300563,2899875.5536103942,0.6,0.0331505862022058,5.573419078242239,2021-05-12,9943000.0,438805378.7083679,3071637.6509585753,18565929.273742616,0.0592308511771599,4,Take-profit
12,2021-05-15,10287000.0,40.992933599645504,421694307.9395533,2951860.1555768736,0.6,-0.0141957447760656,61.300708306503545,2021-05-17,10290000.0,421817286.7403522,2952721.0071824654,-5781602.361960471,0.00029163021289005544,2,Negative prediction: -1.31%
13,2021-05-18,10156000.0,41.2939806020844,419381666.9947692,2935671.668963385,0.6,0.0036365463438436,57.73026315789473,2021-05-20,10193000.0,420909544.2770463,2946366.8099393244,-4354161.19662559,0.003643166601024025,2,RSI overbought: 78.6
14,2021-05-24,10329000.0,40.433730517583406,417640002.516119,2923480.017612833,0.6,0.0108806619638642,79.24528301886792,2021-05-25,10442000.0,422209014.06460595,2955463.098452242,-1309931.567578137,0.010940071642947042,1,RSI overbought: 80.6
15,2021-05-27,10467000.0,39.85058086262423,417116029.8890878,2919812.2092236145,0.6,0.0313186832574272,77.27922263503858,2021-05-29,10800000.0,430386273.31634164,3012703.9132143916,7337727.304815829,0.03181427343078246,2,RSI overbought: 79.9
16,2021-06-02,10793000.0,38.9188474762359,420051120.81101406,2940357.8456770983,0.6,0.0,69.81875492513791,2021-06-03,10793000.0,420051120.81101406,2940357.8456770983,-5880715.691354156,0.0,1,RSI overbought: 78.1
17,2021-06-14,10717000.0,38.9753508010145,417698834.5344724,2923891.8417413067,0.6,0.0085478547032059,61.28158844765343,2021-06-15,10809000.0,421284566.8081657,2948991.96765716,-2287151.535705149,0.008584491928711394,1,Negative prediction: -1.44%
18,2021-06-20,10352000.0,40.26120304484065,416783973.9201904,2917487.8174413326,0.6,0.0084648446959478,24.918032786885234,2021-07-12,10539000.0,424312818.8895756,2970189.7322270293,1641167.419716835,0.018064142194744975,22,Stop-loss
19,2021-07-13,10491000.0,39.79033846993396,417440440.88807714,2922083.08621654,0.6,0.0093924128639665,43.14868804664723,2021-07-31,10975000.0,436698964.7075252,3056892.7529526763,13279547.98027879,0.046134782194261745,18,RSI overbought: 77.1
20,2021-08-09,10920000.0,38.7135769304202,422752260.08018863,2959265.8205613205,0.6,0.0165293019512105,74.20986093552466,2021-08-10,11102000.0,429798131.0815251,3008586.9175706757,1078018.2632044554,0.016666666666666666,1,RSI overbought: 77.4
21,2021-08-11,11070000.0,38.227955500042505,423183467.3854705,2962284.2716982933,0.6,0.0,70.23959646910467,2021-08-15,11488000.0,439162752.7844883,3074139.2694914183,9942861.85782808,0.037759710930442635,4,RSI overbought: 76.5
22,2021-08-16,11449000.0,37.30986218260124,427160612.1286016,2990124.2849002113,0.6,0.0,73.14453125,2021-08-17,11449000.0,427160612.1286016,2990124.2849002113,-5980248.569800377,0.0,1,RSI overbought: 75.9
23,2021-08-21,11548000.0,36.782863933207615,424768512.70068157,2973379.588904771,0.6,0.0158931226407981,76.84824902723736,2021-08-22,11733000.0,431573342.52832496,3021013.397698275,810436.8410403132,0.016020090058884655,1,RSI overbought: 80.8
24,2021-08-26,11712000.0,36.29548219237514,425092687.4370976,2975648.8120596833,0.6,0.0094328296620206,89.48811700182816,2021-08-28,11823000.0,429121485.9604513,3003850.4017231595,-1950700.690429151,0.009477459016393443,2,RSI overbought: 89.8
25,2021-08-29,11539000.0,36.77202592607036,424312407.1609259,2970186.8501264816,0.6,0.0097452368846574,67.6923076923077,2021-08-30,11652000.0,428467646.0905719,2999273.5226340033,-1814221.4431145787,0.00979287633243782,1,Negative prediction: -0.94%
26,2021-09-06,11682000.0,36.259777314131156,423586718.58368015,2965107.030085761,0.6,0.0105586812003799,56.27340823970037,2021-09-09,11836000.0,429170724.29005635,3004195.0700303945,-385296.39373993874,0.013182674199623353,3,Negative prediction: -2.25%
27,2021-09-12,11559000.0,36.6322865322419,423432600.02618414,2964028.200183289,0.6,0.0093856976933448,43.86527666399359,2021-09-13,11668000.0,427425519.2581985,2991978.6348073897,-1963087.6029763222,0.009429881477636473,1,Negative prediction: -1.05%
28,2021-09-19,11322000.0,37.32974430180124,422647364.98499364,2958531.5548949554,0.6,0.0091437246878027,35.28245787908821,2021-09-23,11562000.0,431606503.617426,3021245.525321982,2979361.5522153974,0.021197668256491786,4,Negative prediction: -1.24%
29,2021-09-29,11573000.0,36.62309769341396,423839109.6058798,2966873.7672411585,0.6,0.0062021044703636,50.70564516129032,2021-10-04,11691000.0,428160635.13370264,2997124.445935919,-1642472.6853542328,0.010196146202367579,5,Negative prediction: -0.83%
30,2021-10-11,11319000.0,37.386882280390324,423182120.5317381,2962274.8437221665,0.6,0.0083579424642331,44.63390170511534,2021-10-28,11716000.0,438024712.79705304,3066172.989579371,8814144.432013392,0.03507376976764732,17,RSI overbought: 84.2
31,2021-11-04,11684000.0,36.52069311062508,426707778.30454344,2986954.4481318044,0.6,0.027852251902475,71.37096774193549,2021-11-06,12014000.0,438759607.0310497,3071317.249217348,5993557.029157162,0.028243752139678193,2,RSI overbought: 87.7
32,2021-11-07,12037000.0,35.648849473806294,429105201.11620635,3003736.4078134443,0.6,0.0090146580777859,87.00947225981055,2021-11-08,12146000.0,432990925.7088512,3030936.4799619587,-2148948.2951304913,0.00905541247819224,1,RSI overbought: 88.7
33,2021-11-09,12520000.0,34.20492186886216,428245621.79815423,2997719.3525870796,0.6,0.0093807826793111,91.13573407202216,2021-11-10,12638000.0,432281802.57868,3025972.61805076,-1987511.190112114,0.009424920127795527,1,RSI overbought: 92.0
34,2021-11-22,12358000.0,34.58898020085041,427450617.32210934,2992154.3212547656,0.6,0.0133431768253715,63.41653666146646,2021-11-28,12695000.0,439107103.64979595,3073749.725548572,5590582.280883253,0.027269784754814695,6,Negative prediction: -1.46%
35,2021-11-29,12511000.0,34.344724661055274,429686850.23446256,3007807.9516412383,0.6,0.0082783247577581,41.731601731601735,2021-12-05,13194000.0,453144297.17796326,3172010.0802457426,17277628.911613703,0.05459195907601311,6,Take-profit
36,2021-12-06,13169000.0,33.15345901732159,436597901.79910797,3056185.312593756,0.6,-0.0056351047684079,74.06716417910448,2021-12-09,13067000.0,433216248.9793412,3032513.7428553887,-9470351.875215888,-0.00774546282937201,3,Negative prediction: -1.03%
37,2021-12-12,12868000.0,33.63457888164608,432809761.0490217,3029668.327343152,0.6,0.008589057328842,62.674094707520894,2021-12-16,12991000.0,436946814.2514642,3058627.69976025,-1951242.8246609569,0.009558594964252409,4,Negative prediction: -1.36%
38,2021-12-19,12862000.0,33.58958668318748,432029263.9191573,3024204.8474341016,0.6,0.0085159607324,59.81308411214953,2022-01-01,12938000.0,434582072.5070796,3042074.5075495574,-3513470.7670614123,0.005908878867983206,13,Negative prediction: -1.01%
39,2022-01-08,11737000.0,36.68943304186187,430623875.61233276,3014367.1292863293,0.6,0.0208261816568767,7.733333333333334,2022-01-10,12254000.0,449592312.4949753,3147146.187464827,12806923.565891385,0.044048734770384255,2,Negative prediction: -1.19%
40,2022-01-11,12109000.0,35.98535345930211,435746645.03868926,3050226.515270825,0.6,0.0136156959083549,29.364326375711585,2022-01-13,12275000.0,441720213.7129334,3092041.4959905343,-168699.33701717854,0.013708811627714923,2,Negative prediction: -2.46%
41,2022-01-17,11917000.0,36.55946675370332,435679165.3038825,3049754.1571271773,0.6,0.0152395004940262,29.238618524332807,2022-01-29,12277000.0,448840573.3352156,3141884.0133465095,6969769.860859454,0.03020894520432995,12,Negative prediction: -0.90%
42,2022-02-07,11555000.0,37.946090285437144,438467073.2482262,3069269.5127375834,0.6,0.0087028251665596,9.240246406570847,2022-02-12,12176000.0,462031595.3154827,3234221.1672083787,17261031.387310505,0.053742968411942885,5,Take-profit
43,2022-02-13,12095000.0,36.82277683366271,445371485.8031505,3117600.400622053,0.6,-0.0159092654689044,42.6461143224149,2022-02-16,11904100.0,438342017.70560426,3068394.1239392296,-13215462.622107506,-0.015783381562629185,3,Negative prediction: -1.47%
44,2022-02-20,11749000.0,37.457256000877294,440085300.7543073,3080597.105280151,0.6,0.0115089702267216,38.21548821548822,2022-02-24,12301000.0,460761706.0667916,3225331.9424675414,14370476.264736533,0.0469827219337816,4,Negative prediction: -2.30%
45,2022-02-26,12021000.0,37.08788713586241,445833491.26020205,3120834.4388214145,0.6,0.0007484096644704,55.62184488297384,2022-03-07,12481000.0,462893919.34269875,3240257.4353988916,10699336.208276391,0.03826636719074952,9,Negative prediction: -1.97%
46,2022-03-08,12238000.0,36.77996614998468,450113225.7435125,3150792.5802045874,0.6,-0.0049148198539664,65.10107015457788,2022-04-03,12758000.0,469238808.1415045,3284671.656990532,12690118.16079688,0.042490603039712374,26,RSI overbought: 77.9
47,2022-04-05,12802000.0,35.55610631212555,455189273.0078313,3186324.911054819,0.6,0.0059190203961801,73.38935574229691,2022-04-06,12878000.0,457891537.08755285,3205240.7596128704,-3689301.5909460783,0.00593657241056085,1,RSI overbought: 79.3
48,2022-04-07,12878000.0,35.2316782397463,453713552.37145287,3175994.86660017,0.6,0.0254536894182422,85.94217347956132,2022-04-09,13210000.0,465410469.5470486,3257873.2868293407,5263049.022166252,0.02578040068333592,2,RSI overbought: 88.3
49,2022-04-16,13166000.0,34.620900195983545,455818771.9803193,3190731.4038622356,0.6,-0.0022811963356125,73.36999214454045,2022-04-17,13136000.0,454780144.97443986,3183461.014821079,-7412819.424562752,-0.0022785963846270697,1,Negative prediction: -1.09%
50,2022-05-02,12922000.0,35.04516670875208,452853644.21049434,3169975.5094734603,0.6,0.0115412529816733,41.6572077185017,2022-05-11,13441000.0,471042085.7323367,3297294.600126357,11721171.412242532,0.040164061290821854,9,RSI overbought: 77.2
51,2022-05-16,13600000.0,33.642802409955245,457542112.77539134,3202794.7894277396,0.6,-0.0073060359668972,72.86874154262517,2022-05-31,14473000.0,486912279.2792823,3408385.954954976,22758985.759508193,0.06419117647058824,15,Take-profit
52,2022-06-01,14304000.0,32.62344149043586,466645707.07919455,3266519.949554362,0.6,0.0,69.73125884016973,2022-06-02,14304000.0,466645707.07919455,3266519.949554362,-6533039.8991087675,0.0,1,RSI overbought: 77.8
53,2022-06-07,14429000.0,32.15971246237099,464032491.119551,3248227.437836857,0.6,0.030105690156945,85.17017828200973,2022-06-08,14870000.0,478214924.3154566,3347504.470208197,7586701.287860572,0.030563448610437315,1,RSI overbought: 89.1
54,2022-06-09,14408000.0,32.41721069091444,467067171.63469523,3269470.2014428666,0.6,0.0457183719068002,66.07048921620199,2022-06-11,15082000.0,488916371.64037156,3422414.601482601,15157315.202750862,0.04677956690727374,2,RSI overbought: 75.4
55,2022-06-12,14715000.0,32.15291183933372,473130097.7157957,3311910.68401057,0.6,-0.0183113850108064,65.78676722660268,2022-06-13,14448000.0,464545270.25469357,3251816.8917828547,-15148555.036895573,-0.018144750254842,1,Negative prediction: -1.21%
56,2022-06-16,14145000.0,33.02019623195741,467070675.7010375,3269494.7299072626,0.6,0.0087982267352144,48.82506527415144,2022-06-23,14445000.0,476976734.5706247,3338837.141994373,3297726.9976855516,0.021208907741251327,7,Negative prediction: -3.59%
57,2022-06-27,13577000.0,34.49876751124045,468389766.50011164,3278728.3655007817,0.6,0.0194025050874537,15.529088410444343,2022-06-29,14341000.0,494746824.8786993,3463227.7741508954,19615102.238935947,0.056271635854754365,2,Take-profit
58,2022-07-11,13813000.0,34.47736244086628,476235807.3956859,3333650.6517698015,0.6,0.013232843220686,47.16279069767442,2022-07-12,13997000.0,482579642.0848053,3378057.494593637,-367873.4572440386,0.0133207847679722,1,Negative prediction: -1.35%
59,2022-07-26,13531000.0,35.18503126249267,476088658.01278836,3332620.6060895184,0.6,0.0067761915024165,34.65665236051501,2022-08-01,13665000.0,480803452.20196235,3365624.1654137364,-1983450.5823292732,0.009903185278249944,6,Negative prediction: -0.85%
60,2022-08-02,13550000.0,35.077142271576136,475295277.7798566,3327066.9444589964,0.6,0.0139975170239275,42.19948849104859,2022-08-11,13732000.0,481679317.6732835,3371755.2237129845,-314782.2747451067,0.013431734317343173,9,Negative prediction: -3.33%
61,2022-08-21,12337000.0,38.51579515846304,475169364.8699586,3326185.55408971,0.6,0.0140053802459353,9.56221198156682,2022-08-25,12845000.0,494735388.81045777,3463147.7216732046,12776690.66473627,0.041176947394018,4,Negative prediction: -2.24%
62,2022-08-28,12647000.0,37.97580779124322,480280041.135853,3361960.2879509707,0.6,0.0005533378268532,27.1193589202868,2022-08-30,12691000.0,481950976.6786677,3373656.836750674,-5064681.581886947,0.003479085949236973,2,Negative prediction: -1.01%
63,2022-09-01,12564000.0,38.06543843545831,478254168.50309825,3347779.179521688,0.6,0.0212623176519235,41.26786824114356,2022-09-03,12834000.0,488531836.880672,3419722.858164704,3510166.339887321,0.02148997134670487,2,Negative prediction: -0.81%
64,2022-09-04,12730000.0,37.67935860479601,479658235.0390532,3357607.6452733725,0.6,0.00251059287684,49.4441503440974,2022-09-12,13379000.0,504112138.77356577,3528784.97141496,17567511.117824197,0.05098193244304792,8,Take-profit
65,2022-09-13,13252000.0,36.72541801133284,486685239.4861828,3406796.67640328,0.6,-0.0021151239189263,72.7614747930775,2022-09-15,13224000.0,485656927.7818655,3399598.4944730583,-7834706.8751936555,-0.002112888620585572,2,Negative prediction: -1.18%
66,2022-09-19,13065000.0,37.01120219947229,483551356.73610544,3384859.4971527383,0.6,0.0111886085559673,68.62453531598513,2022-09-22,13323000.0,493100246.9035693,3451701.7283249847,2712328.941986084,0.019747416762342134,3,Negative prediction: -1.62%
67,2022-09-26,13113000.0,36.958460177907405,484636288.3128998,3392454.018190299,0.6,0.0140095434309761,60.65573770491803,2022-10-02,13928000.0,514757433.35789436,3603302.0335052605,23125388.993298948,0.06215206283840464,6,Take-profit
68,2022-10-03,13986000.0,35.31291605249674,493886443.9102194,3457205.107371536,0.6,0.0,73.89322916666666,2022-10-04,13986000.0,493886443.9102194,3457205.107371536,-6914410.214743018,0.0,1,RSI overbought: 75.3
69,2022-10-05,13762000.0,35.68672284728398,491120679.82432216,3437844.7587702554,0.6,-0.019147414005179,65.5311778290993,2022-11-01,13965000.0,498365084.56232077,3488555.5919362456,318004.3872921467,0.014750762970498474,27,RSI overbought: 76.2
70,2022-11-03,13930000.0,35.26546170705233,491247881.57923895,3438735.1710546724,0.6,0.0606499582633372,80.92662276575729,2022-11-05,14801000.0,521964098.72608155,3653748.6910825707,23623733.28470534,0.06252692031586504,2,Take-profit
71,2022-11-10,14660000.0,34.153981916311125,500697374.89312106,3504881.624251847,0.6,0.0142230640135583,81.28746104051785,2022-11-12,14870000.0,507869711.0955464,3555087.977668825,112366.60050469637,0.01432469304229195,2,RSI overbought: 86.9
72,2022-11-17,14856000.0,33.70640290342778,500742321.5333231,3505196.2507332615,0.6,0.0105126683797632,71.61572052401746,2022-11-30,15773000.0,531651092.99576634,3721557.6509703645,23682017.560739636,0.06172590199246096,13,Take-profit
73,2022-12-01,15773000.0,37.738602885768216,595250983.3172221,4166756.8832205553,0.7,0.0110338120137716,70.48429319371728,2022-12-03,15948000.0,601855238.8222315,4212986.671755621,-1775488.0499668121,0.011094909021746022,2,RSI overbought: 88.7
74,2022-12-07,16035500.0,31.773560745697498,509504933.33763224,3566534.533363426,0.6,0.0263104242170735,83.14714331311842,2022-12-10,16463000.0,523088130.55641794,3661616.9138949253,6355045.77152735,0.026659599014686165,3,RSI overbought: 88.6
75,2022-12-11,16724000.0,30.617492923119055,512046951.6462431,3584328.6615237016,0.6,0.0150735748214574,89.59700093720713,2022-12-12,16978000.0,519823794.8487153,3638766.5639410075,553747.9770075083,0.015187754125807224,1,RSI overbought: 90.7
76,2022-12-13,16752000.0,30.579539806413923,512268450.837046,3585879.1558593223,0.6,0.0089143039941094,80.94427903019991,2022-12-14,16902000.0,516855381.80800813,3617987.672656057,-2616935.8575533032,0.008954154727793696,1,RSI overbought: 82.4
77,2022-12-15,16902000.0,30.246223908059683,511221676.49402475,3578551.7354581733,0.6,0.030244416935732,82.78225806451613,2022-12-17,17421000.0,526919466.70230776,3688436.2669161544,8430802.205908656,0.03070642527511537,2,RSI overbought: 84.4
78,2022-12-19,17417000.0,29.545501370866873,514593997.3763883,3602157.9816347184,0.6,0.0157788583115462,77.47326203208556,2022-12-20,17694000.0,522778101.2561185,3659446.70879283,922499.1893026233,0.015904001837285412,1,RSI overbought: 78.2
79,2022-12-22,18001000.0,28.60746608811229,514962997.0521093,3604740.9793647653,0.6,0.0251789171661386,85.21875,2022-12-24,18460000.0,528093823.9865529,3696656.7679058705,5829429.187172949,0.025498583412032663,2,RSI overbought: 87.0
80,2022-12-26,18783000.0,27.540582906190625,517294768.72697854,3621063.38108885,0.6,0.0588222462683638,85.51745254133496,2022-12-28,19921000.0,548635952.0742234,3840451.664519564,23879668.301636457,0.06058670074003088,2,Take-profit
81,2022-12-29,19153000.0,27.507264451920484,526846636.04763305,3687926.4523334317,0.6,-0.0318817613672936,73.35194331114451,2022-12-31,18552000.0,510314770.11202884,3572203.3907842017,-23791995.77872187,-0.031378896256461127,2,Stop-loss
82,2023-01-05,18049000.0,28.66252078985785,517329837.73614436,3621308.864153011,0.6,0.0508749011499966,56.89354275741711,2023-01-07,18991000.0,544329932.3201904,3810309.526241333,19568476.193651736,0.05219125713335919,2,Take-profit
83,2023-01-10,18878000.0,27.818478028054088,525157228.21360505,3676100.5974952355,0.6,0.0196904456115917,58.586590428448346,2023-01-16,19914000.0,553977171.450669,3877840.2001546836,21266002.439414084,0.05487869477698909,6,Take-profit
84,2023-01-17,20272000.0,30.712685841929712,622607567.3875991,4358252.971713194,0.7,0.0156571710083396,64.38451254627725,2023-01-18,20591900.0,632432555.5884324,4427027.889119027,1039707.3400011063,0.01578038674033149,1,RSI overbought: 78.3
85,2023-01-23,20365000.0,26.225362736330524,534079512.1253711,3738556.584877598,0.6,0.0127346747935014,81.82544933289228,2023-01-24,20626000.0,540924331.7995534,3786470.322596874,-680207.233292222,0.01281610606432605,1,RSI overbought: 83.2
86,2023-01-25,21075000.0,25.328940888828203,533807429.2320544,3736652.0046243807,0.6,0.0138537697764072,84.93742206622639,2023-01-28,21369000.0,541254137.8533698,3788778.964973589,-78722.34828257561,0.01395017793594306,3,RSI overbought: 82.3
87,2023-01-30,20702000.0,25.783786121763175,533775940.29274124,3736431.582049189,0.6,0.0338612971057758,71.79315618428599,2023-02-01,21632000.0,557754861.385981,3904284.029701867,16338205.481488705,0.044923195826490195,2,RSI overbought: 75.7
88,2023-02-06,20681000.0,26.125971784987996,540311222.4853368,3782178.557397357,0.6,0.0095763586438986,57.74278215223098,2023-02-14,21845700.0,570740141.8233123,3995180.992763186,22651559.787814975,0.05631739277597795,8,Take-profit
89,2023-02-16,22015000.0,24.95443317740008,549371846.4004627,3845602.9248032393,0.6,0.0626345976286935,65.01621621621621,2023-02-19,23438000.0,584882004.8119031,4094174.0336833214,27570381.452953815,0.06463774699068817,3,Take-profit
90,2023-02-20,23135000.0,28.260211748948272,653799998.8119183,4576599.991683428,0.7,0.037040485779103,65.7453637660485,2023-02-22,26350000.0,744656579.584787,5212596.0570935095,81067384.72409177,0.13896693321806786,2,Take-profit
91,2023-02-26,25740900.0,26.868969034357555,691631445.0164944,4841420.115115461,0.7,0.0119481178561598,71.14697738571914,2023-02-27,26050300.0,699944704.0357246,4899612.9282500725,-1427774.024135232,0.012019781748112926,1,RSI overbought: 79.5
92,2023-03-11,19926000.0,29.722766398756736,592255843.2616267,4145790.9028313872,0.6,0.0854711637339661,36.06902023006744,2023-03-12,21704000.0,645102921.9186162,4515720.453430314,44185567.300727725,0.08923015156077486,1,Take-profit
93,2023-03-13,22840000.0,26.704468922150525,609930070.181918,4269510.491273426,0.6,0.0141291340808022,45.928327407097534,2023-03-15,24217000.0,646702123.8877193,4526914.867214035,27975628.34731376,0.06028896672504378,2,Take-profit
94,2023-03-18,26323700.0,23.5954794166794,621120321.5208435,4347842.250645905,0.6,0.0017876633251394,52.24229739296377,2023-03-24,26370800.0,622231668.6013691,4355621.680209584,-7592116.850329876,0.0017892621477983719,6,Negative prediction: -1.34%
95,2023-03-25,26018600.0,27.71468823242463,721097387.2441635,5047681.710709145,0.7,0.0118441339358042,53.84697884697885,2023-03-26,26328600.0,729688940.5962151,5107822.584173506,-1563950.9428310394,0.011914553434850454,1,Negative prediction: -1.51%
96,2023-03-27,25933600.0,27.777383142750804,720367543.4708422,5042572.804295896,0.7,0.0140865465381434,61.2771714620727,2023-03-28,26301500.0,730586842.7290603,5114107.899103423,62618.55481874943,0.014186229447512107,1,Negative prediction: -1.12%
97,2023-04-09,24899000.0,24.79950768406388,617482941.8255066,4322380.592778546,0.6,0.0255239195182649,63.66774915660371,2023-04-16,26300000.0,652227052.09088,4565589.36463616,25856140.307958722,0.05626731997268967,7,Take-profit
98,2023-04-17,25545000.0,24.577232254793113,627825397.94869,4394777.78564083,0.6,0.0141101985379093,45.561089280818784,2023-04-19,26021000.0,639524160.5019716,4476669.123513801,2827315.644126892,0.018633783519279704,2,Negative prediction: -1.11%
99,2023-04-25,25730000.0,24.444474318163266,628956324.2063408,4402694.269444386,0.6,0.0325014269914465,47.34246312966864,2023-04-29,27452000.0,671049708.982218,4697347.962875526,32993342.543557405,0.06692576758647494,4,Take-profit
100,2023-05-01,27217000.0,23.593844333459373,642153661.2237637,4495075.628566346,0.6,0.0016886934996865,68.88407660553563,2023-05-04,27346000.0,645197267.1427801,4516380.869999461,-5967850.579549432,0.004739684755851122,3,Negative prediction: -3.73%
101,2023-05-06,26344000.0,24.285094176736408,639766520.991944,4478365.646943608,0.6,0.0091818294456533,50.47149592798971,2023-05-11,26425000.0,641733613.6202595,4492135.295341817,-7003408.313969851,0.0030747039174005464,5,Negative prediction: -4.61%
102,2023-05-18,24998000.0,25.4806447582349,636965157.666356,4458756.103664492,0.6,0.0254358104624788,16.94768827454719,2023-05-22,25633000.0,653145367.0878352,4572017.569614846,7149435.7481998205,0.025402032162573005,4,Negative prediction: -1.07%
103,2023-05-27,24959000.0,25.635038742162582,639824931.9656359,4478774.523759451,0.6,0.0123042944403786,26.194102595345427,2023-05-28,25268000.0,647746158.9369642,4534223.112558749,-1091770.6649899483,0.012380303698064827,1,Negative prediction: -1.24%
104,2023-06-10,22472000.0,28.4526621439854,639388223.6996399,4475717.56589748,0.6,0.0130859515455539,10.07830260166709,2023-06-12,23465000.0,667641717.2086174,4673492.0204603225,19104283.9226197,0.04418832324670701,2,Negative prediction: -0.80%
105,2023-06-13,23278000.0,27.795770137842077,647029937.2686878,4529209.560880816,0.6,-0.0086722579973424,29.139627381201592,2023-06-17,23585000.0,655563238.7010053,4588942.670907037,-584850.7994703054,0.013188418248990462,4,Negative prediction: -2.05%
106,2023-06-18,23107000.0,27.991344482143926,646795996.9488997,4527571.978642298,0.6,0.0081889949907952,31.66169154228855,2023-06-19,23297000.0,652114352.4005071,4564800.46680355,-3774016.9938385487,0.00822261652313152,1,Negative prediction: -1.25%
107,2023-06-20,23008000.0,28.046174815340933,645286390.1513642,4517004.731059549,0.6,0.0148406520131774,31.23383819726635,2023-07-06,23837000.0,668536669.0732818,4679756.683512973,14053517.50734508,0.036030945757997215,16,Negative prediction: -1.09%
108,2023-07-22,22722000.0,28.646589083456654,650907797.1543021,4556354.580080115,0.6,0.0237883844570974,19.717544812601844,2023-07-31,23918000.0,685169117.6981162,4796183.823886814,24908782.13984704,0.05263621160109146,9,Take-profit
109,2023-08-01,23857200.0,27.701126285156725,660871310.010241,4626099.170071688,0.6,-0.0078607361567426,65.49153166421208,2023-08-10,23495000.0,650837962.0697572,4555865.734488301,-19215312.84504378,-0.015181999564072901,9,Negative prediction: -1.19%
110,2023-08-20,22798000.0,28.65098626512078,653185184.8722235,4572296.294105565,0.6,0.0170483384528535,19.33352080989877,2023-09-04,23625000.0,676879550.5134784,4738156.853594349,14383912.493555069,0.036275111851916834,15,RSI overbought: 84.6
111,2023-09-07,23534000.0,27.99943697924898,658938749.8696455,4612571.249087518,0.6,-0.0033198583374961,67.73195876288659,2023-09-25,23158000.0,648410961.5654479,4538876.730958136,-19679236.284243226,-0.015976884507521032,18,Negative prediction: -1.27%
112,2023-10-05,22438000.0,29.016269514036377,651067055.3559482,4557469.387491638,0.6,0.085710653232298,9.831709477413654,2023-10-07,24446000.0,709331724.5401332,4965322.071780933,48741877.724912524,0.08949104198235137,2,Take-profit
113,2023-10-08,24534000.0,27.332021131732017,670563806.4459133,4693946.645121393,0.6,-0.0220477477973609,69.36733376371852,2023-10-14,24075000.0,658018408.7464483,4606128.8612251375,-21845473.2058115,-0.018708730741012473,6,Negative prediction: -2.55%
114,2023-10-15,23468000.0,28.20119384538899,661825617.1635888,4632779.320145121,0.6,0.0212904059968219,57.13174273858922,2023-10-17,24375000.0,687404099.9813566,4811828.699869497,16133874.797753215,0.038648372251576614,2,Negative prediction: -0.80%
115,2023-10-18,24179800.0,27.637911276465896,668279167.0826901,4677954.169578832,0.6,-0.0016763561193946,68.42383173457713,2023-10-27,25287000.0,698879862.4479932,4892159.037135952,21030582.15858829,0.045790287760858236,9,Negative prediction: -1.28%
116,2023-10-28,24966000.0,27.104518142518845,676691399.9461255,4736839.799622878,0.6,-0.004375496212595,64.01829094026866,2023-11-01,25167000.0,682139408.0927718,4774975.8566494025,-4063807.509626031,0.008050949291035808,4,RSI overbought: 76.7
117,2023-11-15,24246000.0,27.842360675669184,675065876.942275,4725461.138595926,0.6,0.0038694322349895,27.1273192578375,2023-11-18,24241000.0,674926665.1388967,4724486.655972277,-9589159.597946525,-0.00020621958261156479,3,Negative prediction: -0.87%
118,2023-11-22,24222000.0,27.7115933078646,671230213.1030964,4698611.491721675,0.6,0.0118606852824809,43.58974358974359,2023-12-02,25236000.0,699329768.7172711,4895308.381020898,18505635.74143219,0.04186276938320535,10,Negative prediction: -1.22%
119,2023-12-03,24929000.0,27.222610910973938,678632467.3996693,4750427.271797685,0.6,0.001002345572364,62.91100394563788,2023-12-04,24954000.0,679313032.6724436,4755191.228707105,-8825053.227730393,0.001002848088571543,1,Negative prediction: -1.13%
120,2023-12-12,24493000.0,27.563077046853266,675102446.108577,4725717.122760039,0.6,0.0133832802972894,52.72045028142589,2023-12-13,24823000.0,684198261.5340387,4789387.830738271,-419289.5280367136,0.0134732372514596,1,Negative prediction: -1.03%
121,2023-12-20,24638000.0,27.394055130179495,674934730.2973624,4724543.112081537,0.6,0.0098948728402948,41.77501413227812,2024-01-02,25504000.0,698657982.0400978,4890605.874280685,14108102.756373167,0.035148956895851936,13,RSI overbought: 76.0
122,2024-01-07,25658000.0,30.945811571435694,794007633.2998971,5558053.433099279,0.7,0.011200582165336,68.91166422645193,2024-01-08,25947000.0,802950972.844042,5620656.809908294,-2235370.698862672,0.011263543534180373,1,RSI overbought: 79.3
123,2024-01-10,26139000.0,26.0026712238558,679683823.1203667,4757786.761842567,0.6,0.0294781992718569,84.48795180722891,2024-01-12,26921000.0,700017912.017422,4900125.384121954,10676176.751090765,0.029916982287004092,2,RSI overbought: 87.5
124,2024-01-15,26737000.0,25.580816614459476,683954293.820803,4787680.056745621,0.6,0.0133746467444094,80.69090909090909,2024-01-16,27097000.0,693163387.8020084,4852143.714614059,-430729.7901543379,0.013464487414444403,1,RSI overbought: 81.7
125,2024-01-17,26944000.0,25.37789496380423,683782001.9047412,4786474.013333188,0.6,0.0128696209958574,76.09227542817197,2024-01-19,27293000.0,692638887.2471088,4848472.210729762,-778060.8816952705,0.012952790973871734,2,RSI overbought: 78.3
126,2024-01-21,27108000.0,25.2128809780162,683470777.5520632,4784295.442864442,0.6,0.0076437238249762,72.57810034711265,2024-01-23,27528000.0,694060187.56283,4858421.31293981,946693.2549625635,0.015493581230633024,2,RSI overbought: 78.5
127,2024-01-27,27972000.0,24.447642458674682,683849454.8540483,4786946.183978338,0.6,0.0392248381488985,77.31749710312862,2024-01-28,29091000.0,711206366.7653052,4978444.567357136,17591521.159921408,0.040004290004290004,1,RSI overbought: 82.7
128,2024-02-14,27766000.0,24.882448437586135,690886063.3180166,4836202.443226117,0.6,0.0103546185903246,47.305075876504446,2024-02-18,28244000.0,702779873.6711828,4919459.11569828,2138148.794241667,0.017215299286897644,4,Negative prediction: -0.90%
129,2024-02-19,27990000.0,24.713873627571036,691741322.8357133,4842189.259849993,0.6,0.0099538681781368,36.48477157360406,2024-02-26,29108000.0,719371433.5513377,5035600.034859364,17752321.420915008,0.03994283672740264,7,RSI overbought: 75.1
130,2024-02-27,28988000.0,24.107984386783478,698842251.4040794,4891895.759828556,0.6,0.000448360903543,70.03623188405797,2024-02-28,29001000.0,699155655.2011076,4894089.586407754,-9472581.549208164,0.00044846143231682073,1,RSI overbought: 80.2
131,2024-03-02,29872000.0,23.26771621533196,695053218.7843963,4865372.531490775,0.6,0.0393211366055893,87.57305444478622,2024-03-03,31070000.0,722927942.810364,5060495.5996725485,17948855.89480436,0.04010444563470809,1,RSI overbought: 90.6
132,2024-03-13,31077000.0,22.59654281759237,702232761.142318,4915629.327996226,0.6,0.0097664843928017,69.08315565031984,2024-03-16,32007000.0,723247545.9626789,5062732.821738753,11036422.670625925,0.029925668500820544,3,RSI overbought: 75.2
133,2024-03-17,32536000.0,21.71893687640055,706647330.2105683,4946531.311473978,0.6,0.0027623479091874,73.5852435530086,2024-03-23,32626000.0,708602034.5294443,4960214.241706111,-7952041.2343040705,0.002766166707646914,6,Negative prediction: -1.08%
134,2024-03-24,32277000.0,21.794668454839258,703466513.7168467,4924265.596017927,0.6,-0.0015502917652916,62.58602711157455,2024-04-01,34355000.0,748755834.7660027,5241290.8433620185,35123764.60977602,0.06438020881742418,8,Take-profit
135,2024-04-02,35498000.0,20.212857613407998,717516019.5607572,5022612.136925301,0.6,0.0125970929299722,85.40257104194858,2024-04-03,35948000.0,726611805.4867907,5086282.638407535,-1013108.8492994308,0.012676770522282945,1,RSI overbought: 91.9
136,2024-04-07,35260000.0,23.727431613477314,836629238.6912102,5856404.6708384715,0.7,0.0273315193215268,74.94211474144585,2024-04-08,36237000.0,859810939.3775774,6018676.575643042,11306619.439885736,0.027708451503119683,1,RSI overbought: 76.0
137,2024-04-13,37349000.0,19.32135863870496,721633423.7969916,5051433.966578942,0.6,0.0022465308584499,70.5329971306843,2024-04-17,38298000.0,739969393.1451226,5179785.752015859,8104749.629536271,0.02540898016011138,4,Negative prediction: -4.48%
138,2024-04-19,36620000.0,19.79452003410175,724875323.6488061,5074127.265541643,0.6,0.0137229935406669,63.73242172325383,2024-04-20,37126000.0,734891350.7860616,5144239.455502432,-202339.58378851414,0.013817586018569089,1,Negative prediction: -1.95%
139,2024-04-27,33265000.0,21.788498055472438,724794387.8152907,5073560.714707035,0.6,0.0509565474797338,36.47615580633418,2024-04-28,35004000.0,762684585.9337572,5338792.1015363,27477845.302223206,0.052277168194799335,1,Take-profit
140,2024-05-04,33630000.0,21.878844065898896,735785525.9361799,5150498.6815532595,0.6,0.0389862338249911,25.382165605095537,2024-05-05,34967000.0,765037540.4522867,5355262.783166007,18746253.05138755,0.03975617008623253,1,Negative prediction: -1.99%
141,2024-05-17,33058000.0,22.484240642408345,743284027.1567351,5202988.190097146,0.6,0.0854775414954699,34.67153284671534,2024-05-18,36008000.0,809612537.0518397,5667287.759362878,55458233.94564462,0.08923709843305705,1,Take-profit
142,2024-05-25,32894000.0,23.27072781464683,765467320.7349927,5358271.245144949,0.6,0.0195081145903587,42.40142911828506,2024-05-29,33690000.0,783990820.0754516,5487935.740528161,7677292.3547858,0.02419894205630206,4,Negative prediction: -1.06%
143,2024-05-31,33335000.0,23.05499438058818,768538237.676907,5379767.6637383485,0.6,0.0178390340856983,47.76033248672361,2024-06-01,33935000.0,782371234.30526,5476598.640136819,2976630.324477792,0.01799910004499775,1,Negative prediction: -1.00%
144,2024-06-05,33706000.0,22.836554020254503,769728889.8066983,5388102.228646888,0.6,-0.011277978535212,31.11876640419948,2024-06-26,34981000.0,798845496.1825228,5591918.47327766,18136585.67389989,0.037827093099151485,21,RSI overbought: 75.3
145,2024-06-28,35124000.0,22.12115715967026,776983524.0762583,5438884.668533808,0.6,0.0101408681407077,81.2421972534332,2024-06-29,35482000.0,784902898.3394202,5494320.288375941,-3013830.693747878,0.010192460995330829,1,RSI overbought: 86.6
146,2024-07-17,33882000.0,22.896463957226825,775777991.7987592,5430445.942591315,0.6,-0.007733028180754,23.87328543435663,2024-07-30,35627000.0,815732321.4041201,5710126.249828841,28813757.41294074,0.051502272593117286,13,Take-profit
147,2024-07-31,36156000.0,21.775182397497943,787303494.7639357,5511124.4633475505,0.6,0.0223990986606989,79.18235610543303,2024-08-02,36975000.0,805137369.1474864,5635961.584032405,6686788.336170793,0.022651842017922336,2,RSI overbought: 83.4
148,2024-08-03,35999000.0,21.944448737420586,789978210.0984037,5529847.4706888255,0.6,-0.0110893442372813,69.5692364577556,2024-08-04,35602000.0,781266263.9496477,5468863.847647534,-19710657.467092395,-0.011028084113447596,1,Negative prediction: -1.14%
149,2024-08-05,35198000.0,22.219840533881662,782093947.1115668,5474657.629780968,0.6,0.0176846239848911,64.22597712920293,2024-08-07,35613000.0,791315180.9331276,5539206.266531894,-1792630.0747520924,0.011790442638786295,2,Negative prediction: -1.11%
150,2024-08-10,34683000.0,22.529103453613182,781376895.081666,5469638.265571662,0.6,0.0210834426731461,56.98924731182796,2024-08-11,35422000.0,798025902.5338861,5586181.317737203,5593187.868911147,0.02130726869071303,1,Negative prediction: -1.26%
151,2024-08-16,34775000.0,22.533836670862126,783614170.2292304,5485299.191604613,0.6,0.0223226728361971,43.43605546995377,2024-08-25,36177000.0,815206609.2417791,5706446.264692454,20400693.556251645,0.04031631919482387,9,Negative prediction: -0.82%
152,2024-08-26,35883000.0,22.0654473609155,791774447.6517309,5542421.133562117,0.6,0.0073303118738117,52.94245858761988,2024-08-31,36754000.0,810993452.3030883,5676954.166121619,7999629.351673722,0.024273332775966334,5,RSI overbought: 75.4
153,2024-09-02,36433000.0,21.82017125661901,794974299.3924004,5564820.095746803,0.6,0.0005762344610445,73.39270804341776,2024-09-04,36454000.0,795432522.9887893,5568027.660921525,-10674624.160279393,0.0005764005160157,2,RSI overbought: 75.2
154,2024-09-10,36629000.0,21.58684238522178,790704449.7282885,5534931.14809802,0.6,0.0117788910013012,63.28358208955224,2024-09-22,38497000.0,831028671.3038828,5817200.69912718,28972089.728369117,0.05099784323896366,12,Take-profit
155,2024-09-25,39051000.0,20.54475648817281,802293285.6196363,5616052.999337454,0.6,0.0305147743001694,87.89032749428789,2024-09-27,40261000.0,827152440.9703255,5790067.086792278,13453035.264559507,0.030985122019922665,2,RSI overbought: 90.3
156,2024-09-29,39376000.0,20.511847311191087,807674499.7254602,5653721.498078221,0.6,0.0281701715169915,75.10509961615793,2024-09-30,40501000.0,830750327.9505502,5815252.295653852,11606854.43135798,0.028570702966273873,1,RSI overbought: 77.9
157,2024-10-04,40930000.0,19.846499914439367,812317241.4980032,5686220.690486023,0.6,0.0116591070531642,78.89834591295968,2024-10-05,41410000.0,821843561.4569342,5752904.93019854,-1912805.6617536545,0.011727339359882726,1,RSI overbought: 80.6
158,2024-10-07,40346000.0,20.11480987541024,811552119.2333016,5680864.834633112,0.6,0.0080968104647245,66.34341129492299,2024-10-09,40928000.0,823258938.5807904,5762812.570065533,263141.94279015064,0.014425221831160462,2,Negative prediction: -1.39%
159,2024-10-11,40365000.0,20.10794936232919,811657376.0104178,5681601.632072925,0.6,0.0111845864394456,61.56542056074767,2024-10-18,42535000.0,855291626.1266721,5987041.382886705,31965607.101294756,0.05375944506379289,7,Take-profit
160,2024-10-19,42759000.0,22.49470026566161,961850888.6594248,6732956.220615974,0.7,0.0115331340913338,66.24833618558662,2024-10-22,45677000.0,1027490424.0346254,7192432.968242378,51714146.18634224,0.06824294300615075,3,Take-profit
161,2024-10-25,43768000.0,19.30929622841968,845129277.3254725,5915904.941278307,0.6,0.0161591749424739,67.82258064516128,2024-10-27,45363000.0,875927604.8098019,6131493.233668614,18750929.309382558,0.03644214951562785,2,RSI overbought: 76.4
162,2024-10-28,46268000.0,18.428063651967353,852629649.0492254,5968407.543344578,0.6,0.0264475404788387,77.49520637804017,2024-10-29,47508000.0,875480447.977665,6128363.135843654,10754028.249251246,0.026800380392495892,1,RSI overbought: 79.5
163,2024-10-30,46127000.0,21.67392496962185,999753137.0737472,6998271.959516231,0.7,0.0100518534017244,70.7342971493915,2024-11-02,46790000.0,1014122949.3286064,7098860.645300245,272679.6500426531,0.014373360504693563,3,Negative prediction: -1.30%
164,2024-11-10,42463000.0,20.183226154745142,857040332.208943,5999282.325462601,0.6,0.0177396524658842,43.59100284844318,2024-11-12,43744000.0,882895044.9131715,6180265.314392202,13675165.064373732,0.030167439888844405,2,Negative prediction: -1.75%
165,2024-11-16,42872000.0,20.1182682924681,862510398.2346923,6037572.787642847,0.6,0.0161269561012276,27.436572854568155,2024-11-20,45197000.0,909285372.0146806,6364997.604102764,34372403.38824272,0.05423119985071842,4,Take-profit
166,2024-11-22,46605000.0,18.80183155433944,876259359.5899897,6133815.517129928,0.6,-0.0201129425777057,54.86850684633776,2024-11-23,45677000.0,858811259.9075626,6011678.819352939,-29593594.01890993,-0.019912026606587276,1,Negative prediction: -2.08%
167,2024-11-25,44703000.0,19.337000245675355,864421921.9824255,6050953.453876978,0.6,0.0090855057468599,51.252172135336814,2024-12-03,46866000.0,906247853.5138212,6343734.974596748,29431243.102922082,0.04838601436145225,8,Negative prediction: -1.54%
168,2024-12-06,46150000.0,22.15009366040145,1022226822.4275268,7155587.756992688,0.7,0.0092528348354922,62.22495558288916,2024-12-10,48613000.0,1076782503.1130958,7537477.5217916705,39862615.406784534,0.0533694474539545,4,Take-profit
169,2024-12-11,48182000.0,18.51603223997153,892139465.3863082,6244976.257704157,0.6,0.0102005881489708,78.26800065606035,2024-12-13,48676000.0,901286385.3128542,6309004.697189979,-3407061.0283480883,0.010252791498900004,2,RSI overbought: 80.3
170,2024-12-14,48535000.0,18.35328404192786,890776640.9749687,6235436.486824781,0.6,0.018009307385349,77.20915448188175,2024-12-15,49417000.0,906964237.4999491,6348749.662499644,3603410.3756560087,0.018172452869063563,1,RSI overbought: 78.4
171,2024-12-16,49124000.0,21.18966301562243,1040921005.9794362,7286447.041856054,0.7,0.0115364877205984,74.53928939997051,2024-12-17,49694000.0,1052999113.898341,7370993.797288387,-2579332.920239687,0.011603289634394593,1,RSI overbought: 78.1
172,2024-12-21,49071000.0,21.18801975267112,1039717317.2833246,7278021.220983272,0.7,0.0161914940804829,65.03067484662577,2024-12-22,49872000.0,1056688921.1052141,7396822.4477365,2296760.153169751,0.016323286666259092,1,RSI overbought: 75.1
173,2024-12-24,50777000.0,17.569076078114175,892104976.0184035,6244734.832128825,0.6,0.0128170506853632,75.45466613566973,2024-12-25,51432000.0,903612720.8495682,6325289.045946978,-1062279.0469111204,0.012899541130826949,1,RSI overbought: 75.5
174,2024-12-28,51612000.0,20.156037519690095,1040293408.4662452,7282053.859263716,0.7,0.0133377652061245,70.65767284991568,2025-01-10,53535000.0,1079053468.6166093,7553374.280316265,23924632.01078427,0.037258777028598,13,Negative prediction: -1.32%
175,2025-01-11,52834000.0,17.058142809629263,901249917.2039526,6308749.420427668,0.6,0.0084811756230708,59.5791199781361,2025-01-12,53284000.0,908926081.4682857,6362482.570277999,-4995067.7263726,0.008517242684634893,1,Negative prediction: -1.32%
176,2025-01-19,52797000.0,17.032253539280703,899251890.1134032,6294763.230793823,0.6,0.0246939984774675,57.12832683505679,2025-01-21,54824000.0,933776268.0375253,6536433.876262678,21693180.817065597,0.03839233289770252,2,RSI overbought: 75.2
177,2025-01-24,55586000.0,19.056069685057412,1059250689.5136013,7414754.82659521,0.7,0.0092579160458872,74.45906432748538,2025-01-26,55990000.0,1066949341.6663646,7468645.391664552,-7184748.065496445,0.007268017126614615,2,Negative prediction: -1.16%
178,2025-01-28,55345000.0,19.078467920914917,1055897807.0830361,7391284.649581252,0.7,0.0086892148088106,63.26979472140763,2025-02-01,56645000.0,1080699815.3802254,7564898.707661578,9845824.939946532,0.023489023398681003,4,RSI overbought: 81.2
179,2025-02-02,57045000.0,15.934676013498288,908993593.1900098,6362955.152330069,0.6,0.0116246941128505,85.85889107115878,2025-02-03,57712000.0,919622022.0910132,6437354.154637093,-2171880.4059637785,0.011692523446401964,1,RSI overbought: 86.7
180,2025-02-04,59023000.0,15.385948545950296,908124841.0276242,6356873.887193371,0.6,0.0104328254248215,89.44196697601542,2025-02-05,59642000.0,917648743.1775675,6423541.202242972,-3256512.93949306,0.010487437100791216,1,RSI overbought: 89.8
181,2025-02-07,63273000.0,14.331898848668892,906822235.8518268,6347755.650962789,0.6,0.045236870697466,91.96919691969195,2025-02-08,66201000.0,948786035.6807294,6641502.249765106,28974541.928174615,0.04627566260490257,1,RSI overbought: 93.3
182,2025-02-11,63827000.0,14.389083814421749,918412052.623097,6428884.368361679,0.6,0.0259349111587742,77.95264907401126,2025-02-12,65504000.0,942542546.1798823,6597797.823259176,11103811.3651644,0.026274147304432293,1,RSI overbought: 79.6
183,2025-02-17,65822000.0,14.020442666117143,922853577.1691626,6459975.040184138,0.6,0.0261359685355557,79.07066298697131,2025-02-18,67565000.0,947291208.7362047,6631038.461153433,11346618.065704584,0.026480508036826594,1,RSI overbought: 81.7
184,2025-02-22,67415000.0,13.75646702359185,927392224.3954445,6491745.570768112,0.6,-0.0126435634879091,73.42040634070105,2025-02-23,66568000.0,915740496.8264623,6410183.477785236,-24553656.61753559,-0.0125639694430023,1,Negative prediction: -1.15%
185,2025-02-24,65806000.0,13.943572953050333,917570761.7484303,6422995.332239012,0.6,0.0207241043573684,58.291325695581016,2025-02-25,67184000.0,936785005.2777336,6557495.036944134,6233753.16012013,0.020940339786645595,1,Negative prediction: -1.32%
186,2025-02-28,64358000.0,14.296035660096306,920064263.0124781,6440449.841087347,0.6,0.011632259315346,51.87275163998026,2025-03-01,65111000.0,930829177.8645306,6515804.245051714,-2191339.2340866327,0.011700177134155816,1,Negative prediction: -2.07%
187,2025-03-02,63774000.0,14.413204869050768,919187727.3188436,6434314.091231905,0.6,0.0090535083929395,44.29594929732709,2025-03-08,67182000.0,968307929.5125687,6778155.506587981,35907732.595905185,0.05343870542854455,6,Take-profit
188,2025-03-10,66746000.0,13.986618229664783,933550820.3572056,6534855.74250044,0.6,0.0076416001235358,47.466101052950535,2025-03-15,73794000.0,1032128505.639883,7224899.539479182,84817930.00069785,0.10559434273214874,5,Take-profit
189,2025-03-16,76978000.0,12.568240177160808,967477992.3574847,6772345.946502393,0.6,0.0520893089032814,85.81157775255392,2025-03-17,81094000.0,1019208868.9266785,7134462.082486751,37824068.540204644,0.053469822546701656,1,Take-profit
190,2025-03-25,79949000.0,12.290430396547379,982607619.7735664,6878253.338414964,0.6,0.0148117748454095,86.5513523648807,2025-03-26,81142000.0,997270103.2366474,6980890.722656531,803339.4020096064,0.014922012783149257,1,RSI overbought: 89.0
191,2025-04-04,77105000.0,12.74792757323611,982928955.5343703,6880502.6887405915,0.6,0.0351445373599257,68.13925837853904,2025-04-05,79863000.0,1018087739.7813555,7126614.178469488,21151667.379775047,0.03576940535633227,1,Negative prediction: -2.06%
192,2025-04-07,73644000.0,13.461919809981536,991389622.4862802,6939727.357403962,0.6,0.0239756579073735,58.154544382883415,2025-04-09,76398000.0,1028463749.6429694,7199246.247500787,22935153.551784396,0.037396121883656507,2,Negative prediction: -3.48%
193,2025-04-12,66432000.0,15.061471638773394,1000563683.9069941,7003945.78734896,0.6,0.0171184157959933,28.22561482713556,2025-04-15,69754000.0,1050597892.6909994,7354185.248836996,35676077.747819304,0.05000602119460501,3,Take-profit
194,2025-04-19,65543000.0,15.483485879592356,1014834115.0061218,7103838.805042853,0.6,0.0119358677409838,25.9449730007714,2025-04-20,66330000.0,1027019618.393361,7189137.328753527,-2107472.7465571165,0.012007384465160276,1,Negative prediction: -0.96%
195,2025-04-22,65065000.0,15.584279196303678,1013991125.9074988,7097937.881352492,0.6,0.0222812342252809,25.9574312730459,2025-04-26,66940000.0,1043211649.4005682,7302481.545803977,14820104.065912843,0.0288173365096442,4,Negative prediction: -2.41%
196,2025-04-30,64174000.0,15.893027823321972,1019919167.5338643,7139434.17273705,0.6,0.0543591480216954,37.45671553820084,2025-05-02,67759000.0,1076895672.2804735,7538269.705963314,42298800.867908835,0.055863745442079345,2,Take-profit
197,2025-05-03,68068000.0,15.232395367588701,1036838687.8810277,7257870.815167194,0.6,-0.0039745095230041,44.303284227598326,2025-05-04,67798000.0,1032725941.1317787,7229081.587922452,-18599699.152338624,-0.003966621613680437,1,Negative prediction: -1.35%
198,2025-05-05,66889000.0,15.389657615154844,1029398808.2200924,7205791.657540647,0.6,-0.0030844812284619,55.24563916743912,2025-05-09,67189000.0,1034015705.5046388,7238109.938532472,-9827004.311526775,0.004485042383650525,4,Negative prediction: -1.06%
199,2025-05-18,62567000.0,16.389918111711953,1025468006.4954817,7178276.045468372,0.6,0.0522949183160083,18.96221903395505,2025-05-19,65926000.0,1080521741.4327223,7563652.190029057,40311806.701743245,0.05368644812760721,1,Take-profit
200,2025-05-20,64818000.0,16.069498120524838,1041592729.1761789,7291149.104233253,0.6,0.0076689967442953,37.83872020894548,2025-05-24,65363000.0,1050350605.651865,7352454.239563055,-5885726.868110299,0.008408158227652812,4,Negative prediction: -0.85%
201,2025-05-31,64160000.0,16.197606583992126,1039238438.4289348,7274669.069002544,0.6,0.0290774865148725,49.00648177664435,2025-06-02,66173000.0,1071844220.4825109,7502909.543377576,17828203.441196084,0.031374688279301746,2,Negative prediction: -2.91%
202,2025-06-06,64278000.0,16.278815765976127,1046369719.8054135,7324588.038637894,0.6,0.0112159961682588,57.90738515574453,2025-06-08,65513000.0,1066474057.276394,7465318.400934758,5314431.031407833,0.019213416721117645,2,Negative prediction: -1.39%
203,2025-06-09,64610000.0,16.228068290016665,1048495492.2179767,7339468.445525837,0.6,0.0195719558896092,45.5762733074709,2025-06-24,67741000.0,1099305574.034019,7695139.018238133,35775474.35227835,0.04845999071351184,15,Negative prediction: -0.82%
204,2025-06-25,67189000.0,15.818150023945705,1062805681.9588879,7439639.773712216,0.6,0.0037435979247562,62.65413975337639,2025-06-28,70675000.0,1117947752.9423628,7825634.27059654,39876796.93916619,0.05188349283364836,3,Take-profit
205,2025-06-30,74073000.0,14.563422579543886,1078756400.7345543,7551294.805141879,0.6,0.0123970193036619,79.83506892192861,2025-07-01,74997000.0,1092213003.198053,7645491.02238637,-1740183.364029646,0.012474180875622697,1,RSI overbought: 78.6
206,2025-07-07,69324000.0,15.551040438938067,1078060327.3889425,7546422.291722598,0.6,0.0144215023150635,61.62997254669753,2025-07-09,70553000.0,1097172556.0883975,7680207.892618783,3885598.515113592,0.01772834804685246,2,Negative prediction: -1.27%
207,2025-07-11,69664000.0,15.497453014397507,1079614566.794988,7557301.967564916,0.6,0.0268106498476597,60.48875312413219,2025-07-16,70818000.0,1097498627.5736027,7682490.393015219,2644268.418034792,0.016565227377124483,5,Negative prediction: -1.37%
208,2025-07-19,69451000.0,15.560211863935749,1080672274.1622016,7564705.919135411,0.6,0.0190397730887433,34.485360700271656,2025-07-23,71070000.0,1105864257.1699135,7741049.8001893945,9886227.28838706,0.02331139940389627,4,Negative prediction: -1.39%
209,2025-07-26,70255000.0,15.438428084514364,1084626765.0775566,7592387.355542896,0.6,0.0136983602130665,49.59660297239915,2025-08-01,73981000.0,1142150348.1204572,7995052.4368432,41936143.25051451,0.053035371147961,6,Take-profit
210,2025-08-02,75248000.0,17.076441802759625,1284968092.7740562,8994776.649418393,0.7,0.0194252416567494,70.81375681262921,2025-08-03,76724000.0,1310172920.8749294,9171210.446124505,7038841.005330324,0.01961513927280459,1,RSI overbought: 80.8
211,2025-08-06,75934000.0,14.54179628071608,1104216758.7798948,7729517.311459264,0.6,-0.0180323932575337,72.37773662999673,2025-08-11,74964000.0,1090111216.3876002,7630778.514713202,-29465838.218467236,-0.012774251323517791,5,RSI overbought: 76.6
212,2025-08-12,74496000.0,14.664282961400716,1092430423.4925077,7647012.964447554,0.6,0.0231014764799446,72.35635213494993,2025-08-13,76237000.0,1117960940.1283064,7825726.580898145,10057777.090453148,0.0233703823024055,1,Negative prediction: -2.95%
213,2025-08-16,74018000.0,14.813336409098987,1096453534.3286889,7675174.740300822,0.6,0.0149249496861287,60.51064524023167,2025-08-21,78453000.0,1162150681.303043,8135054.7691213,49886917.46493173,0.0599178578183685,5,Take-profit
214,2025-08-23,77647000.0,16.774329356366273,1302476351.533772,9117334.460736405,0.7,0.0124150470880564,55.196169033016886,2025-08-27,82964000.0,1391665460.7215714,9741658.225051,70330116.50201201,0.06847656702770229,4,Take-profit
215,2025-08-28,83435000.0,13.71774852178902,1144540347.9154668,8011782.435408268,0.6,0.0316505632184322,77.46160794941284,2025-08-30,86118000.0,1181345067.199427,8269415.470395988,20523521.37815571,0.0321567687421346,2,RSI overbought: 80.7
216,2025-09-14,84254000.0,13.681840108086606,1152749756.466729,8069248.295267103,0.6,0.0298051374307807,61.531876321885385,2025-09-17,88399000.0,1209460983.714748,8466226.886003235,40175752.06674862,0.04919647731858428,3,Negative prediction: -1.13%
217,2025-09-18,87410000.0,13.371697257675649,1168820057.2934284,8181740.401053999,0.6,0.0550409821643604,43.470015041527695,2025-09-20,92356000.0,1234956471.9298923,8644695.303509247,49309978.93190074,0.056583914883880565,2,Take-profit
218,2025-09-21,96742000.0,12.285708884106063,1188544048.8661888,8319808.342063321,0.6,-0.0329638402923717,70.02804803225524,2025-09-22,93605000.0,1150003780.096748,8050026.460677236,-54910103.572181225,-0.032426453866986414,1,Stop-loss
219,2025-09-23,96511000.0,14.102123163959227,1361010008.676869,9527070.060738083,0.7,0.0303197317908161,67.10795476475356,2025-09-27,103571000.0,1460570998.214421,10223996.987500947,79809922.48931313,0.0731522831594326,4,Take-profit
220,2025-09-28,101595000.0,13.763026125024673,1398254639.1718817,9787782.474203173,0.7,0.0291779105728992,74.08495183957051,2025-09-29,104603000.0,1439653821.755956,10077576.75229169,21533823.35757947,0.02960775628721886,1,RSI overbought: 80.3
221,2025-09-30,106741000.0,11.308845764758376,1207117505.7760737,8449822.540432516,0.6,0.0215478641513337,82.38055467557527,2025-10-01,109066000.0,1233410572.179137,8633874.00525396,9209369.857376814,0.021781695880683148,1,RSI overbought: 82.3
222,2025-10-06,105309000.0,11.497604703482365,1210801253.7190244,8475608.77603317,0.6,0.0371883604367665,68.94433556615087,2025-10-08,113729000.0,1307611085.322346,9153277.597256422,79180945.23003197,0.07995517951931934,2,Take-profit
223,2025-10-09,111427000.0,11.15056163955807,1242473631.811037,8697315.42267726,0.6,-0.0199413824686449,71.62993039443155,2025-10-13,109345000.0,1219258162.477477,8534807.13734234,-40447591.89357972,-0.01868487888931767,4,Negative prediction: -0.84%
224,2025-10-14,108433000.0,11.309237916995798,1226294595.0536053,8584062.165375236,0.6,0.0296842353541436,61.29128137384412,2025-10-16,112741000.0,1275014792.0000234,8925103.544000164,31211031.237042665,0.039729602611751035,2,Negative prediction: -3.86%
225,2025-10-18,108477000.0,11.419738816047845,1238779007.548422,8671453.052838955,0.6,0.0213510470500396,49.06153404926548,2025-10-19,110818000.0,1265512616.11679,8858588.31281753,9203567.202711344,0.021580611558210495,1,Negative prediction: -0.98%
226,2025-10-25,106494000.0,11.666952452058396,1242460434.4295068,8697223.041006546,0.6,0.0088252914665025,34.27379037516846,2025-10-26,107438000.0,1253474037.54425,8774318.26280975,-6457938.189073086,0.008864349165211186,1,Negative prediction: -1.86%
227,2025-10-28,103527000.0,11.976366157175205,1239877259.1538775,8679140.814077143,0.6,0.0098329776245499,39.143351217132974,2025-11-01,106263000.0,1272644596.9599087,8908512.17871936,15179684.813234806,0.026427888376945145,4,Negative prediction: -1.22%
228,2025-11-09,104550000.0,11.917256174836645,1245949133.0791712,8721643.931554198,0.6,0.0110435297041515,34.68947771055011,2025-11-11,110081000.0,1311863476.9821928,9183044.33887535,48009655.63259196,0.05290291726446676,2,Take-profit
229,2025-11-12,113972000.0,12.950653036601764,1476011827.8875763,10332082.795213034,0.7,0.014036082409198,73.13311247488187,2025-11-13,115583000.0,1496875329.9295418,10478127.309506793,53291.937245607376,0.014135050714210508,1,RSI overbought: 83.3
230,2025-11-15,112259000.0,11.270137023375467,1265174312.1071064,8856220.184749745,0.6,-0.0106480684029564,68.89553409480857,2025-11-20,113494000.0,1279092931.3309753,8953650.519316828,-3891251.4801979065,0.01100134510373333,5,Negative prediction: -2.00%
231,2025-11-22,111252000.0,11.35815815908952,1263617811.5150273,8845324.680605192,0.6,0.0135790502974007,64.53684024087849,2025-11-29,118343000.0,1344158511.021131,9409109.577147918,62286265.24835062,0.0637381799877755,7,Take-profit
232,2025-11-30,120541000.0,12.471173325950744,1503287703.8834286,10523013.927184,0.7,0.0128668169770743,65.12270362355542,2025-12-03,122953000.0,1533368173.9456217,10733577.217619352,8823878.917389631,0.020009789200355066,3,RSI overbought: 80.0
233,2025-12-04,122480000.0,10.549166142891272,1292061869.181323,9044433.084269261,0.6,0.0163258355251459,77.29765749141421,2025-12-06,124496000.0,1313328988.1253917,9193302.916877743,3029382.9429216385,0.016459830176355324,2,RSI overbought: 81.5
234,2025-12-10,126818000.0,10.197871140993328,1293273622.358492,9052915.356509443,0.6,0.0117273971559604,89.00305470702583,2025-12-11,128314000.0,1308529637.585418,9159707.463097926,-2956607.5926811695,0.01179643268305761,1,RSI overbought: 89.4
235,2025-12-13,133563000.0,9.67401884744592,1292090979.3214195,9044636.855249936,0.6,0.0125590347764938,91.22106943335994,2025-12-14,135251000.0,1308420723.1359081,9158945.061951358,-1873838.1027126312,0.01263823064770932,1,RSI overbought: 92.9
236,2025-12-16,135422000.0,9.535684335487103,1291341444.0803344,9039390.108562341,0.6,0.0269554172052299,88.26827135730083,2025-12-17,139122000.0,1326623476.1216366,9286364.332851456,16956277.599888563,0.02732200085658165,1,RSI overbought: 89.4
